id,name
2101,background
0,Betula lenta
1,Urtica dioica
2,Amorpha fruticosa
3,Ricinus communis
4,Penstemon digitalis
5,Metrosideros excelsa
6,Asplenium bulbiferum
7,Hydrocotyle bonariensis
8,Castanea dentata
9,Callicarpa americana
10,Eichhornia crassipes
11,Calochortus tiburonensis
12,Drosera spatulata
13,Fagus grandifolia
14,Daphne laureola
15,Erysimum franciscanum
16,Schinus molle
17,Larix laricina
18,Eupatorium capillifolium
19,Stenocereus thurberi
20,Hymenopappus scabiosaeus
21,Helianthus tuberosus
22,Claytonia virginica
23,Geum triflorum
24,Cenchrus ciliaris
25,Lobelia siphilitica
26,Podophyllum peltatum
27,Calystegia sepium
28,Verbesina alternifolia
29,Cypripedium parviflorum pubescens
30,Tinantia anomala
31,Mesembryanthemum crystallinum
32,Viscum album
33,Panax trifolius
34,Carpobrotus edulis
35,Fouquieria splendens
36,Atrichoseris platyphylla
37,Persicaria perfoliata
38,Rhinanthus minor
39,Encelia farinosa
40,Ibervillea lindheimeri
41,Rubus allegheniensis
42,Earina autumnalis
43,Castilleja purpurea
44,Phacelia crenulata
45,Cylindropuntia bigelovii
46,Cylindropuntia echinocarpa
47,Ficaria verna
48,Amphiachyris dracunculoides
49,Cynara cardunculus
50,Leucophyllum frutescens
51,Pinus echinata
52,Kalmia latifolia
53,Pellaea andromedifolia
54,Potentilla anserina
55,Sonchus oleraceus
56,Dactylorhiza fuchsii
57,Viola bicolor
58,Corallorhiza mertensiana
59,Cicuta maculata
60,Aplectrum hyemale
61,Cirsium scariosum
62,Corallorhiza maculata
63,Monotropa uniflora
64,Viburnum dentatum
65,Stenosiphon linifolius
66,Melilotus officinalis
67,Echinocereus triglochidiatus
68,Echium candicans
69,Calypso bulbosa occidentalis
70,Quercus agrifolia
71,Rosa palustris
72,Osmunda regalis
73,Iris missouriensis
74,Carex lupulina
75,Polypogon monspeliensis
76,Chelone glabra
77,Hibiscus moscheutos
78,Clitoria mariana
79,Herbertia lahue
80,Lupinus texensis
81,Tillandsia usneoides
82,Allotropa virgata
83,Lonicera maackii
84,Polystichum munitum
85,Pluchea odorata
86,Asplenium flaccidum
87,Rubus cissoides
88,Coprosma foetidissima
89,Coprosma lucida
90,Gilia capitata
91,Astelia fragrans
92,Melicytus ramiflorus
93,Oxalis articulata
94,Olearia paniculata
95,Ilex verticillata
96,Viola adunca
97,Sambucus racemosa racemosa
98,Melothria pendula
99,Huperzia lucidula
100,Pedicularis densiflora
101,Alliaria petiolata
102,Toxicoscordion fremontii
103,Athyrium filix-femina
104,Nuphar lutea
105,Sorbus aucuparia
106,Fumaria capreolata
107,Platanus occidentalis
108,Sophora secundiflora
109,Brachyglottis repanda
110,Taxodium mucronatum
111,Veronica anagallis-aquatica
112,Apocynum cannabinum
113,Phoradendron leucarpum
114,Opuntia basilaris
115,Mimulus bigelovii
116,Marah fabacea
117,Bouvardia ternifolia
118,Gymnadenia conopsea
119,Ficinia spiralis
120,Juniperus californica
121,Melampodium leucanthum
122,Salvia farinacea
123,Salsola tragus
124,Plumeria rubra
125,Clematis pitcheri
126,Baccharis salicifolia
127,Xanthium strumarium
128,Scutellaria drummondii
129,Centaurea melitensis
130,Desmodium paniculatum
131,Nuphar advena
132,Paraserianthes lophantha
133,Ericameria nauseosa
134,Hypericum perforatum
135,Pyrola elliptica
136,Cyathea dealbata
137,Sabal palmetto
138,Hymenophyllum dilatatum
139,Ericameria linearifolia
140,Botrychium dissectum
141,Asplenium rhizophyllum
142,Cystopteris bulbifera
143,Dryopteris carthusiana
144,Dryopteris intermedia
145,Thelypteris palustris
146,Gymnocarpium dryopteris
147,Matteuccia struthiopteris
148,Artemisia californica
149,Onoclea sensibilis
150,Calopogon tuberosus
151,Lysimachia quadrifolia
152,Sarracenia alata
153,Lepidospartum squamatum
154,Baccharis pilularis
155,Rhododendron periclymenoides
156,Cornus racemosa
157,Stachys palustris
158,Pistacia lentiscus
159,Malacothrix glabrata
160,Angelica hendersonii
161,Heliotropium curassavicum
162,Calypso bulbosa
163,Actaea rubra
164,Houstonia caerulea
165,Clematis lasiantha
166,Lespedeza cuneata
167,Descurainia pinnata
168,Betula alleghaniensis
169,Heterotheca grandiflora
170,Betula populifolia
171,Triodanis perfoliata
172,Sisymbrium irio
173,Stanleya pinnata
174,Thysanocarpus curvipes
175,Chamaecyparis thyoides
176,Lamium galeobdolon
177,Trillium cuneatum
178,Malva arborea
179,Trientalis borealis
180,Sisyrinchium angustifolium
181,Sisyrinchium bellum
182,Quercus kelloggii
183,Halosaccion glandiforme
184,Atriplex lentiformis
185,Chenopodium album
186,Paris quadrifolia
187,Dudleya lanceolata
188,Cucurbita foetidissima
189,Solanum chenopodioides
190,Solanum americanum
191,Prosopis glandulosa
192,Frankenia salina
193,Cornus sericea
194,Mentha arvensis
195,Salvia leucophylla
196,Malva parviflora
197,Tetragonia tetragonoides
198,Pittosporum crassifolium
199,Forestiera pubescens
200,Argemone munita
201,Paeonia californica
202,Dendromecon rigida
203,Platanus racemosa
204,Castilleja affinis
205,Iris cristata
206,Aralia spinosa
207,Pittosporum tenuifolium
208,Viola sororia
209,Viola pubescens
210,Valerianella radiata
211,Quercus robur
212,Lophophora williamsii
213,Prunus virginiana
214,Phormium tenax
215,Euphorbia albomarginata
216,Ornithogalum umbellatum
217,Punica granatum
218,Olea europaea
219,Ruscus aculeatus
220,Datura wrightii
221,Justicia californica
222,Anemopsis californica
223,Sphaeralcea ambigua
224,Hedycarya arborea
225,Abronia villosa
226,Bloomeria crocea
227,Haloragis erecta
228,Calochortus splendens
229,Hesperoyucca whipplei
230,Quercus muehlenbergii
231,Hyptis emoryi
232,Ludwigia octovalvis
233,Bromus tectorum
234,Distichlis spicata
235,Argemone ochroleuca
236,Opuntia engelmannii lindheimeri
237,Sorghum halepense
238,Bidens pilosa
239,Saponaria officinalis
240,Rhus virens
241,Castilleja indivisa
242,Coreopsis tripteris
243,Arbutus unedo
244,Dalea candida
245,Chondracanthus exasperatus
246,Oxalis acetosella
247,Pilosella officinarum
248,Euphorbia maculata
249,Silphium perfoliatum
250,Parthenocissus quinquefolia
251,Earina mucronata
252,Rhododendron maximum
253,Castilleja coccinea
254,Lygodium japonicum
255,Fragaria vesca
256,Galinsoga quadriradiata
257,Gelsemium sempervirens
258,Syringa vulgaris
259,Magnolia grandiflora
260,Aquilegia caerulea
261,Calochortus nuttallii
262,Phlegmariurus varius
263,Fraxinus nigra
264,Lathyrus vestitus
265,Serenoa repens
266,Agave lechuguilla
267,Actaea racemosa
268,Euonymus americanus
269,Zizia aurea
270,Cirsium muticum
271,Crocosmia × crocosmiiflora
272,Mammillaria heyderi
273,Sambucus nigra
274,Marshallia caespitosa
275,Bouteloua dactyloides
276,Pelargonium × hortorum
277,Fuscospora cliffortioides
278,Stachys bullata
279,Centaurea stoebe micranthos
280,Matelea biflora
281,Baccharis sarothroides
282,Spiranthes romanzoffiana
283,Matelea reticulata
284,Ileostylus micranthus
285,Medicago sativa
286,Pinus sylvestris
287,Hoheria populnea
288,Pinus banksiana
289,Juniperus communis
290,Berberis thunbergii
291,Toxicodendron rydbergii
292,Thunbergia alata
293,Toxicodendron radicans
294,Lycium ferocissimum
295,Rhus aromatica
296,Cornus amomum
297,Cystopteris fragilis
298,Selaginella bigelovii
299,Pinus sabiniana
300,Elaeagnus umbellata
301,Parnassia palustris
302,Rosa multiflora
303,Asclepias eriocarpa
304,Brickellia californica
305,Lupinus nanus
306,Tussilago farfara
307,Lupinus bicolor
308,Mirabilis jalapa
309,Fritillaria affinis
310,Cotula coronopifolia
311,Ptelea trifoliata
312,Cooperia drummondii
313,Deinandra fasciculata
314,Erysimum capitatum
315,Juniperus virginiana
316,Actaea pachypoda
317,Solanum umbelliferum
318,Delphinium nudicaule
319,Salvia mellifera
320,Calystegia soldanella
321,Nemophila menziesii
322,Dichelostemma capitatum
323,Diospyros virginiana
324,Abronia maritima
325,Clematis vitalba
326,Dracopis amplexicaulis
327,Achlys triphylla
328,Decodon verticillatus
329,Sedum spathulifolium
330,Arctostaphylos pungens
331,Orchis mascula
332,Corallorhiza striata
333,Lupinus hirsutissimus
334,Melilotus albus
335,Epipactis helleborine
336,Goodyera oblongifolia
337,Heliotropium indicum
338,Geranium carolinianum
339,Allionia incarnata
340,Rhynchospora colorata
341,Plantago coronopus
342,Plantago major
343,Dryas octopetala
344,Viburnum prunifolium
345,Ozothamnus leptophyllus
346,Linaria vulgaris
347,Triphysaria eriantha
348,Allium validum
349,Allium vineale
350,Alnus incana
351,Trillium sessile
352,Uropappus lindleyi
353,Packera aurea
354,Scrophularia californica
355,Dodecatheon meadia
356,Collinsia parviflora
357,Trillium chloropetalum
358,Viola pedunculata
359,Allium cernuum
360,Gilia tricolor
361,Verbascum blattaria
362,Ambrosia salsola
363,Amelanchier alnifolia
364,Calochortus tolmiei
365,Quercus gambelii
366,Sparaxis tricolor
367,Chamaedaphne calyculata
368,Phyla nodiflora
369,Phyla lanceolata
370,Cerastium arvense
371,Microtis unifolia
372,Trillium erectum
373,Andropogon glomeratus
374,Phacelia cicutaria
375,Phacelia congesta
376,Centaurea jacea
377,Layia platyglossa
378,Erigeron glaucus
379,Anoda cristata
380,Rosa rugosa
381,Asimina triloba
382,Anthoxanthum odoratum
383,Alternanthera philoxeroides
384,Cirsium horridulum
385,Aptenia cordifolia
386,Potamogeton nodosus
387,Nuttallanthus canadensis
388,Echinocereus engelmannii
389,Triteleia hyacinthina
390,Salix exigua
391,Nassella pulchra
392,Verbesina encelioides
393,Picea pungens
394,Mirabilis laevis
395,Platanthera dilatata
396,Silene coronaria
397,Salvia coccinea
398,Acer rubrum
399,Artemisia tridentata
400,Aruncus dioicus
401,Asclepias curassavica
402,Mitchella repens
403,Asplenium trichomanes
404,Sanguinaria canadensis
405,Arbutus menziesii
406,Dicentra formosa
407,Dicentra cucullaria
408,Filipendula ulmaria
409,Maianthemum racemosum
410,Sarcodes sanguinea
411,Calochortus luteus
412,Toxicodendron diversilobum
413,Quincula lobata
414,Triteleia laxa
415,Clarkia purpurea
416,Quercus wislizeni
417,Quercus chrysolepis
418,Malva moschata
419,Hosackia gracilis
420,Arum italicum
421,Microsorum pustulatum pustulatum
422,Ranunculus sceleratus
423,Tillandsia fasciculata
424,Penthorum sedoides
425,Nymphaea odorata
426,Lithophragma affine
427,Parthenium integrifolium
428,Anacamptis morio
429,Orchis purpurea
430,Atriplex hymenelytra
431,Oenothera triloba
432,Baptisia australis
433,Polemonium reptans
434,Polemonium californicum
435,Oplopanax horridus
436,Cnidoscolus texanus
437,Bacopa monnieri
438,Cornus sanguinea
439,Codium fragile
440,Iris douglasiana
441,Berberis nervosa
442,Prumnopitys taxifolia
443,Berberis vulgaris
444,Berteroa incana
445,Ambrosia artemisiifolia
446,Bidens cernua
447,Rudbeckia laciniata
448,Oxyria digyna
449,Carya illinoinensis
450,Betula pendula
451,Cyperus eragrostis
452,Trifolium willdenovii
453,Ulmus crassifolia
454,Carex pensylvanica
455,Pleopeltis polypodioides
456,Portulaca oleracea
457,Lobelia angulata
458,Eremalche rotundifolia
459,Perilla frutescens
460,Bothriochloa ischaemum
461,Eriogonum inflatum
462,Empetrum nigrum
463,Heuchera micrantha
464,Botrypus virginianus
465,Anemone virginiana
466,Bouteloua curtipendula
467,Bellardia trixago
468,Platystemon californicus
469,Brasenia schreberi
470,Carpodetus serratus
471,Vaccinium parvifolium
472,Oxalis montana
473,Bidens alba
474,Darmera peltata
475,Calochortus albus
476,Fuchsia excorticata
477,Mikania scandens
478,Erythronium oregonum
479,Capparis spinosa
480,Xerophyllum tenax
481,Buddleja davidii
482,Calendula officinalis
483,Lupinus polyphyllus
484,Maianthemum canadense
485,Calochortus plummerae
486,Houstonia pusilla
487,Portulaca pilosa
488,Arctium minus
489,Calyptridium monospermum
490,Quercus ilicifolia
491,Uvularia sessilifolia
492,Claytonia caroliniana
493,Nelumbo lutea
494,Morella pensylvanica
495,Thalictrum pubescens
496,Camissoniopsis cheiranthifolia
497,Aesculus glabra
498,Camassia scilloides
499,Purshia tridentata
500,Solidago canadensis
501,Hylocomium splendens
502,Carduus nutans
503,Galearis spectabilis
504,Oxydendrum arboreum
505,Trillium undulatum
506,Erigeron philadelphicus
507,Passiflora foetida
508,Passiflora lutea
509,Passiflora incarnata
510,Lespedeza capitata
511,Rubus phoenicolasius
512,Vitex lucens
513,Euphorbia antisyphilitica
514,Clinopodium vulgare
515,Gaillardia aestivalis
516,Leonotis nepetifolia
517,Ulmus alata
518,Sisyrinchium montanum
519,Aesculus hippocastanum
520,Echinocactus platyacanthus
521,Jatropha dioica
522,Galium verum
523,Caulophyllum thalictroides
524,Castilleja miniata
525,Mertensia virginica
526,Lonicera morrowii
527,Pastinaca sativa
528,Plantago media
529,Pedicularis groenlandica
530,Terminalia catappa
531,Chasmanthium latifolium
532,Diervilla lonicera
533,Galanthus nivalis
534,Schefflera digitata
535,Veronica chamaedrys
536,Metrosideros umbellata
537,Solanum laciniatum
538,Centaurea stoebe
539,Lilium michiganense
540,Tiarella trifoliata
541,Asplenium polyodon
542,Rubus parviflorus
543,Clintonia andrewsiana
544,Hieracium venosum
545,Asclepias verticillata
546,Asclepias incarnata
547,Veronicastrum virginicum
548,Asclepias exaltata
549,Arctostaphylos uva-ursi
550,Rhodiola rosea
551,Malus ×domestica
552,Dysoxylum spectabile
553,Chamerion latifolium
554,Lupinus albifrons
555,Pinus monticola
556,Abies concolor
557,Woodwardia areolata
558,Oenothera suffrutescens
559,Glebionis coronaria
560,Typha domingensis
561,Yucca rupicola
562,Baptisia bracteata
563,Lithospermum incisum
564,Nothoscordum bivalve
565,Clarkia unguiculata
566,Impatiens parviflora
567,Solanum lycopersicum
568,Aegopodium podagraria
569,Epilobium hirsutum
570,Pachycereus pringlei
571,Ulex europaeus
572,Brodiaea elegans
573,Ribes speciosum
574,Rubus occidentalis
575,Euphorbia bicolor
576,Gaillardia pulchella
577,Vaccinium angustifolium
578,Cirsium undulatum
579,Picea glauca
580,Conopholis alpina
581,Monotropa hypopitys
582,Acer macrophyllum
583,Taraxia ovata
584,Comandra umbellata
585,Bursera simaruba
586,Echinocereus mojavensis
587,Aquilegia vulgaris
588,Lysimachia nummularia
589,Salvia engelmannii
590,Oenothera elata
591,Arctostaphylos patula
592,Larrea tridentata
593,Opuntia polyacantha
594,Clintonia uniflora
595,Trillium ovatum
596,Circaea lutetiana
597,Clarkia concinna
598,Pittocaulon praecox
599,Coprosma repens
600,Nemastylis geminiflora
601,Coreopsis lanceolata
602,Coreopsis tinctoria
603,Cornus nuttallii
604,Erythronium americanum
605,Trifolium pratense
606,Achnatherum hymenoides
607,Dudleya farinosa
608,Betula nigra
609,Euonymus alatus
610,Sabatia angularis
611,Sicyos angulatus
612,Sabatia campestris
613,Polytrichum juniperinum
614,Liatris spicata
615,Eutrochium maculatum
616,Symphyotrichum novae-angliae
617,Croton californicus
618,Packera glabella
619,Phacelia minor
620,Mimosa pudica
621,Ambrosia psilostachya
622,Cirsium arvense
623,Glandularia bipinnatifida
624,Lepidium latifolium
625,Arundina graminifolia
626,Hamamelis virginiana
627,Amorpha canescens
628,Atriplex prostrata
629,Indigofera miniata
630,Cylindropuntia prolifera
631,Solidago rigida
632,Panicum virgatum
633,Cyperus esculentus
634,Lycopus americanus
635,Yucca schidigera
636,Abutilon theophrasti
637,Rhus trilobata
638,Ficus carica
639,Ludwigia peploides
640,Dasiphora fruticosa
641,Inula helenium
642,Cylindropuntia ramosissima
643,Sambucus racemosa
644,Daucus carota
645,Baccharis halimifolia
646,Delphinium cardinale
647,Delphinium glaucum
648,Delphinium nuttallianum
649,Arbutus xalapensis
650,Verbena hastata
651,Alisma plantago-aquatica
652,Helianthus maximiliani
653,Ipomoea imperati
654,Asparagus officinalis
655,Quercus michauxii
656,Echinochloa crus-galli
657,Hordeum jubatum
658,Dodecatheon pulchellum
659,Paspalum dilatatum
660,Streptanthus tortuosus
661,Pterospora andromedea
662,Populus deltoides
663,Populus fremontii
664,Typha angustifolia
665,Phyllodoce breweri
666,Lagurus ovatus
667,Ipomopsis aggregata
668,Drymocallis glandulosa
669,Rhizophora mangle
670,Dryopteris filix-mas
671,Penstemon newberryi
672,Cardamine californica
673,Triteleia ixioides
674,Baileya multiradiata
675,Plantago maritima
676,Dudleya pulverulenta
677,Cakile edentula
678,Ranunculus californicus
679,Cardamine douglassii
680,Cosmos bipinnatus
681,Monardella villosa
682,Moneses uniflora
683,Scaevola taccada
684,Asplenium ruta-muraria
685,Liquidambar styraciflua
686,Dendroalsia abietina
687,Convolvulus arvensis
688,Dicksonia squarrosa
689,Cupressus macrocarpa
690,Paesia scaberula
691,Asphodelus fistulosus
692,Lepechinia calycina
693,Erythranthe moschata
694,Taxodium distichum
695,Cladophora columbiana
696,Lilium superbum
697,Smilax tamnoides
698,Cardamine concatenata
699,Caesalpinia pulcherrima
700,Quercus garryana
701,Sidalcea oregana
702,Metrosideros polymorpha
703,Asclepias oenotheroides
704,Lilium martagon
705,Asclepias viridiflora
706,Calla palustris
707,Butomus umbellatus
708,Arctostaphylos glauca
709,Rhododendron groenlandicum
710,Ceanothus cuneatus
711,Ulva lactuca
712,Borago officinalis
713,Elaeagnus angustifolia
714,Linum lewisii
715,Erythronium grandiflorum
716,Colchicum autumnale
717,Veratrum californicum
718,Podocarpus nivalis
719,Polypodium scouleri
720,Castilleja nana
721,Platanthera ciliaris
722,Aconitum columbianum
723,Erigeron canadensis
724,Mimulus lewisii
725,Rhododendron occidentale
726,Microsorum scandens
727,Cassiope mertensiana
728,Humulus lupulus
729,Pedicularis attollens
730,Phalaris arundinacea
731,Ipomoea purpurea
732,Erigeron karvinskianus
733,Prunus pensylvanica
734,Capnoides sempervirens
735,Erigeron strigosus
736,Eriobotrya japonica
737,Eriodictyon crassifolium
738,Dacrydium cupressinum
739,Pinus resinosa
740,Dacrycarpus dacrydioides
741,Pinus strobus
742,Passiflora tetrandra
743,Petrorhagia dubia
744,Cylindropuntia imbricata
745,Metrosideros diffusa
746,Pinus monophylla
747,Eriogonum parvifolium
748,Pseudopanax arboreus
749,Muscari neglectum
750,Vicia cracca
751,Eriophyllum lanatum
752,Prosartes hookeri
753,Eriophyllum wallacei
754,Polygala alba
755,Dicranopteris linearis
756,Hedychium gardnerianum
757,Silene acaulis
758,Staphylea trifolia
759,Prumnopitys ferruginea
760,Rhopalostylis sapida
761,Podocarpus totara
762,Romulea rosea
763,Coptis trifolia
764,Euphorbia dentata
765,Euphorbia lathyris
766,Polygonum paronychia
767,Acer saccharum
768,Physostegia virginiana
769,Acer grandidentatum
770,Saururus cernuus
771,Phegopteris hexagonoptera
772,Avicennia germinans
773,Eclipta prostrata
774,Fallugia paradoxa
775,Geum canadense
776,Polygonatum biflorum
777,Nymphaea alba
778,Salvia pratensis
779,Uniola paniculata
780,Hamelia patens
781,Fragaria virginiana
782,Frangula purshiana
783,Maurandya antirrhiniflora
784,Rhexia mariana
785,Euphorbia nutans
786,Euphorbia prostrata
787,Euphorbia serpens
788,Pontederia cordata
789,Ceanothus velutinus
790,Trillium recurvatum
791,Eutrochium purpureum
792,Tecoma stans
793,Galium boreale
794,Aristolochia californica
795,Zostera marina
796,Abronia latifolia
797,Smallanthus uvedalia
798,Cirsium occidentale
799,Freycinetia banksii
800,Cirsium occidentale venustum
801,Eustoma exaltatum
802,Eriogonum umbellatum
803,Piper excelsum
804,Neotinea ustulata
805,Mazus pumilus
806,Stylophorum diphyllum
807,Sarracenia purpurea
808,Darlingtonia californica
809,Drosera anglica
810,Drosera rotundifolia
811,Vitis mustangensis
812,Adiantum aleuticum
813,Dryopteris arguta
814,Geraea canescens
815,Equisetum hyemale
816,Pentagramma triangularis
817,Geranium richardsonii
818,Woodwardia fimbriata
819,Ipomoea pes-caprae
820,Sambucus nigra canadensis
821,Lonicera involucrata
822,Parthenium hysterophorus
823,Avena fatua
824,Bromus diandrus
825,Bromus hordeaceus
826,Arnoglossum plantagineum
827,Cortaderia jubata
828,Amphicarpaea bracteata
829,Chamaebatia foliolosa
830,Dactylis glomerata
831,Phryma leptostachya
832,Equisetum arvense
833,Grindelia squarrosa
834,Monarda didyma
835,Gutierrezia sarothrae
836,Dichondra carolinensis
837,Vaccinium corymbosum
838,Erodium texanum
839,Asyneuma prenanthoides
840,Anemone quinquefolia
841,Eriophyllum staechadifolium
842,Asclepias viridis
843,Calycanthus floridus
844,Ferocactus latispinus
845,Cephalanthus occidentalis
846,Prunella vulgaris
847,Helenium amarum
848,Helenium autumnale
849,Hedypnois cretica
850,Hydrocotyle ranunculoides
851,Viola rostrata
852,Cakile maritima
853,Arabis blepharophylla
854,Holcus lanatus
855,Primula clevelandii
856,Hordeum murinum
857,Lolium perenne
858,Ceratophyllum demersum
859,Vitis rotundifolia
860,Carex obnupta
861,Pachysandra terminalis
862,Lathyrus latifolius
863,Lupinus arboreus
864,Medicago arabica
865,Achillea millefolium
866,Anagallis arvensis
867,Vaccinium oxycoccos
868,Anaphalis margaritacea
869,Tripsacum dactyloides
870,Spathodea campanulata
871,Dichelostemma congestum
872,Phragmites australis
873,Morella californica
874,Hieracium caespitosum
875,Viola pedata
876,Prosopis pubescens
877,Artemisia douglasiana
878,Hemerocallis fulva
879,Artemisia vulgaris
880,Hibiscus syriacus
881,Asarum caudatum
882,Ammophila arenaria
883,Verbena lasiostachys
884,Veronica americana
885,Nama demissa
886,Sedum ternatum
887,Hydrophyllum tenuipes
888,Solanum carolinense
889,Hypericum androsaemum
890,Potentilla anserina pacifica
891,Polystichum oculatum
892,Persicaria amphibia
893,Allium canadense
894,Ipomoea hederacea
895,Ipomoea indica
896,Symphyotrichum ericoides
897,Commelina communis
898,Crataegus monogyna
899,Eupatorium serotinum
900,Isocoma menziesii
901,Blechnum procerum
902,Corokia cotoneaster
903,Quercus fusiformis
904,Jacaranda mimosifolia
905,Rhus copallinum
906,Cerastium glomeratum
907,Sambucus nigra caerulea
908,Cirsium vulgare
909,Carduus pycnocephalus
910,Matricaria discoidea
911,Primula hendersonii
912,Equisetum sylvaticum
913,Polystichum acrostichoides
914,Polygala californica
915,Microsteris gracilis
916,Juniperus osteosperma
917,Toxicodendron radicans radicans
918,Kalmia polifolia
919,Ambrosia trifida
920,Castilleja tenuiflora
921,Drosera intermedia
922,Pogonia ophioglossoides
923,Kalmia angustifolia
924,Myrtillocactus geometrizans
925,Eriogonum nudum
926,Epilobium ciliatum
927,Epilobium canum
928,Foeniculum vulgare
929,Euphorbia cyathophora
930,Galium aparine
931,Lilium philadelphicum
932,Lathyrus japonicus
933,Galium triflorum
934,Phacelia distans
935,Viola striata
936,Obolaria virginica
937,Geranium dissectum
938,Geranium molle
939,Pseudognaphalium californicum
940,Gaultheria shallon
941,Stellaria pubera
942,Helenium puberulum
943,Heracleum maximum
944,Hirschfeldia incana
945,Calylophus berlandieri
946,Lepidium virginicum
947,Trichostema dichotomum
948,Hypochaeris radicata
949,Histiopteris incisa
950,Lactuca serriola
951,Leptosiphon ciliatus
952,Brassica nigra
953,Zea mays
954,Rubus armeniacus
955,Arum maculatum
956,Lythrum salicaria
957,Quercus falcata
958,Leptosyne gigantea
959,Acmispon glaber
960,Anisocarpus madioides
961,Rhus typhina
962,Madia sativa
963,Cirsium discolor
964,Symplocarpus foetidus
965,Asplenium flabellifolium
966,Mimulus cardinalis
967,Nemophila heterophylla
968,Berberis aquifolium
969,Solidago sempervirens
970,Ligustrum lucidum
971,Sidalcea glaucescens
972,Osmorhiza berteroi
973,Lilium columbianum
974,Monarda fistulosa
975,Blechnum chambersii
976,Corethrogyne filaginifolia
977,Campanula rapunculoides
978,Plantago lanceolata
979,Smilax rotundifolia
980,Oxalis stricta
981,Ranunculus occidentalis
982,Callistemon citrinus
983,Liatris aspera
984,Rumex acetosella
985,Rumex crispus
986,Ilex opaca
987,Salvia columbariae
988,Sanicula crassicaulis
989,Linaria purpurea
990,Clinopodium douglasii
991,Linnaea borealis
992,Delairea odorata
993,Senecio vulgaris
994,Silene gallica
995,Bistorta bistortoides
996,Cryptotaenia canadensis
997,Hydrastis canadensis
998,Ratibida pinnata
999,Monarda punctata
1000,Asplenium oblongifolium
1001,Lonicera ciliosa
1002,Lonicera japonica
1003,Lonicera tatarica
1004,Yucca filifera
1005,Luetkea pectinata
1006,Maianthemum stellatum
1007,Sonchus asper
1008,Brassica rapa
1009,Campanulastrum americanum
1010,Tradescantia virginiana
1011,Cylindropuntia leptocaulis
1012,Nandina domestica
1013,Liatris mucronata
1014,Lindheimera texana
1015,Phlox pilosa
1016,Stellaria media
1017,Thalictrum fendleri
1018,Vaccinium myrtillus
1019,Argemone albiflora
1020,Pyrrhopappus pauciflorus
1021,Cerastium fontanum
1022,Buglossoides arvensis
1023,Trifolium dubium
1024,Urtica urens
1025,Lupinus stiversii
1026,Jaumea carnosa
1027,Vicia americana
1028,Mimosa quadrivalvis platycarpa
1029,Vicia sativa
1030,Vinca major
1031,Rubus trivialis
1032,Cardamine bulbosa
1033,Youngia japonica
1034,Pyrrosia eleagnifolia
1035,Cardamine impatiens
1036,Lysimachia thyrsiflora
1037,Ipomoea lacunosa
1038,Ipomoea cordatotriloba
1039,Aesculus californica
1040,Chrysolepis chrysophylla
1041,Malacothrix saxatilis
1042,Corylus cornuta californica
1043,Umbellularia californica
1044,Osmunda regalis spectabilis
1045,Corylus cornuta
1046,Marah macrocarpa
1047,Marah oregana
1048,Chrysolepis sempervirens
1049,Griselinia littoralis
1050,Pittosporum eugenioides
1051,Acer palmatum
1052,Eriophyllum confertiflorum
1053,Eucalyptus globulus
1054,Garrya elliptica
1055,Genista monspessulana
1056,Melinis repens
1057,Holodiscus discolor
1058,Lonicera hispidula
1059,Oemleria cerasiformis
1060,Pinus radiata
1061,Frangula californica
1062,Polytaenia texana
1063,Ribes sanguineum
1064,Notholithocarpus densiflorus
1065,Menyanthes trifoliata
1066,Rosa gymnocarpa
1067,Mertensia ciliata
1068,Asclepias variegata
1069,Rubus ursinus
1070,Micranthes californica
1071,Aquilegia canadensis
1072,Salix lasiolepis
1073,Tillandsia recurvata
1074,Symphoricarpos mollis
1075,Securigera varia
1076,Pinus rigida
1077,Anemone americana
1078,Lagerstroemia indica
1079,Commelina erecta
1080,Weinmannia racemosa
1081,Eupatorium perfoliatum
1082,Modiola caroliniana
1083,Ageratina altissima
1084,Mollugo verticillata
1085,Selliera radicans
1086,Samolus repens
1087,Betula papyrifera
1088,Borrichia frutescens
1089,Ulmus americana
1090,Muehlenbeckia complexa
1091,Conoclinium coelestinum
1092,Phoradendron californicum
1093,Gonolobus suberosus
1094,Symphoricarpos albus
1095,Wisteria sinensis
1096,Oenothera macrocarpa
1097,Liriodendron tulipifera
1098,Cuscuta gronovii
1099,Viola ocellata
1100,Boerhavia coccinea
1101,Nasturtium officinale
1102,Eupatorium altissimum
1103,Spigelia marilandica
1104,Helenium bigelovii
1105,Solidago flexicaulis
1106,Viola canadensis
1107,Trifolium hybridum
1108,Amaryllis belladonna
1109,Daucus pusillus
1110,Quercus nigra
1111,Nicotiana obtusifolia
1112,Senecio minimus
1113,Lasthenia californica
1114,Bothriochloa laguroides
1115,Nuphar polysepala
1116,Nuttallanthus texanus
1117,Mimosa nuttallii
1118,Oenothera laciniata
1119,Oenothera rosea
1120,Collomia grandiflora
1121,Tetraneuris scaposa
1122,Leycesteria formosa
1123,Opuntia engelmannii
1124,Opuntia littoralis
1125,Opuntia microdasys
1126,Opuntia phaeacantha
1127,Uvularia perfoliata
1128,Orthilia secunda
1129,Helminthotheca echioides
1130,Ranunculus abortivus
1131,Melia azedarach
1132,Baccharis neglecta
1133,Quercus stellata
1134,Wyethia angustifolia
1135,Ceanothus thyrsiflorus
1136,Pseudognaphalium obtusifolium
1137,Romneya coulteri
1138,Paeonia brownii
1139,Pancratium maritimum
1140,Viburnum lantanoides
1141,Wyethia mollis
1142,Atriplex canescens
1143,Papaver heterophyllum
1144,Ferocactus cylindraceus
1145,Celtis pallida
1146,Prunus avium
1147,Agathis australis
1148,Impatiens pallida
1149,Fumaria officinalis
1150,Tiarella cordifolia
1151,Mitella diphylla
1152,Clintonia borealis
1153,Grindelia stricta
1154,Abronia umbellata
1155,Peltandra virginica
1156,Anemone occidentalis
1157,Leptecophylla juniperina
1158,Acer spicatum
1159,Gentiana newberryi
1160,Penstemon rydbergii
1161,Aristotelia serrata
1162,Philadelphus lewisii
1163,Metrosideros fulgens
1164,Coprosma grandifolia
1165,Myrsine divaricata
1166,Dendrolycopodium obscurum
1167,Peritoma arborea
1168,Chaerophyllum tainturieri
1169,Persicaria capitata
1170,Persicaria pensylvanica
1171,Calochortus venustus
1172,Clematis drummondii
1173,Calluna vulgaris
1174,Galax urceolata
1175,Canna indica
1176,Persicaria virginiana
1177,Parkinsonia florida
1178,Pteridium aquilinum
1179,Orobanche fasciculata
1180,Centrosema virginianum
1181,Eurybia divaricata
1182,Echinacea pallida
1183,Phlox diffusa
1184,Thalictrum thalictroides
1185,Fremontodendron californicum
1186,Phoenix canariensis
1187,Digitalis purpurea
1188,Phyllodoce empetriformis
1189,Geranium viscosissimum
1190,Geum macrophyllum
1191,Celastrus scandens
1192,Phlox divaricata laphamii
1193,Viola purpurea
1194,Hymenophyllum nephrophyllum
1195,Pistia stratiotes
1196,Oenothera biennis
1197,Potentilla recta
1198,Comarum palustre
1199,Mimulus primuloides
1200,Camassia quamash
1201,Silene laciniata
1202,Silene laciniata californica
1203,Ceanothus cordulatus
1204,Thuja occidentalis
1205,Chimaphila umbellata
1206,Chimaphila menziesii
1207,Pyrola picta
1208,Crepis capillaris
1209,Asclepias cordifolia
1210,Pseudognaphalium luteoalbum
1211,Polygala paucifolia
1212,Glaucium flavum
1213,Schoenoplectus tabernaemontani
1214,Keckiella cordifolia
1215,Polanisia dodecandra
1216,Polemonium occidentale
1217,Asclepias speciosa
1218,Polygonum aviculare
1219,Elephantopus carolinianus
1220,Balsamorhiza sagittata
1221,Ruellia humilis
1222,Mentzelia laevicaulis
1223,Campanula rotundifolia
1224,Populus trichocarpa
1225,Emmenanthe penduliflora
1226,Pinus contorta murrayana
1227,Tragopogon porrifolius
1228,Cissus incisa
1229,Potentilla gracilis
1230,Senna lindheimeriana
1231,Lobelia inflata
1232,Packera obovata
1233,Proboscidea louisianica
1234,Melampyrum lineare
1235,Prunus persica
1236,Coccoloba uvifera
1237,Gaultheria procumbens
1238,Rubus odoratus
1239,Caulophyllum giganteum
1240,Calochortus leichtlinii
1241,Impatiens noli-tangere
1242,Pteris tremula
1243,Mimulus ringens
1244,Goodyera pubescens
1245,Pyrola asarifolia
1246,Alnus glutinosa
1247,Fagus sylvatica
1248,Cercis occidentalis
1249,Dudleya cymosa
1250,Acer pseudoplatanus
1251,Paulownia tomentosa
1252,Schinus terebinthifolius
1253,Rapistrum rugosum
1254,Abies balsamea
1255,Reseda luteola
1256,Laportea canadensis
1257,Ligustrum vulgare
1258,Rhodiola integrifolia
1259,Lonicera canadensis
1260,Lonicera dioica
1261,Lonicera sempervirens
1262,Rivina humilis
1263,Ribes cereum
1264,Apios americana
1265,Asclepias latifolia
1266,Aralia racemosa
1267,Lycopodium clavatum
1268,Sequoiadendron giganteum
1269,Asclepias asperula
1270,Broussonetia papyrifera
1271,Jacobaea vulgaris
1272,Rosa nutkana
1273,Ceanothus herbaceus
1274,Rosa rubiginosa
1275,Rosa woodsii
1276,Rubus laciniatus
1277,Maclura pomifera
1278,Sanicula bipinnatifida
1279,Tropaeolum majus
1280,Lilium humboldtii
1281,Cooperia pedunculata
1282,Carex intumescens
1283,Cordia boissieri
1284,Claytonia lanceolata
1285,Achyrachaena mollis
1286,Homalosorus pycnocarpos
1287,Vitis riparia
1288,Lilium parvum
1289,Papaver rhoeas
1290,Adenocaulon bicolor
1291,Solanum rostratum
1292,Dryopteris marginalis
1293,Polypodium virginianum
1294,Scabiosa atropurpurea
1295,Artemisia pycnocephala
1296,Ilex vomitoria
1297,Morella cerifera
1298,Cocculus carolinus
1299,Ampelopsis arborea
1300,Berchemia scandens
1301,Scirpus cyperinus
1302,Corynocarpus laevigatus
1303,Rubus idaeus
1304,Vernonia missurica
1305,Scutellaria galericulata
1306,Scutellaria mexicana
1307,Leptopteris hymenophylloides
1308,Verbesina virginica
1309,Quercus phellos
1310,Sedum album
1311,Rudbeckia triloba
1312,Ipomopsis rubra
1313,Senecio elegans
1314,Solidago caesia
1315,Ilex decidua
1316,Centaurea calcitrapa
1317,Hypericum hypericoides
1318,Sesbania drummondii
1319,Castilleja hispida
1320,Ribes roezlii
1321,Pueraria montana
1322,Senegalia greggii
1323,Monardella odoratissima
1324,Sesbania herbacea
1325,Corylus avellana
1326,Pellaea atropurpurea
1327,Uvularia grandiflora
1328,Juglans hindsii
1329,Juglans californica
1330,Juglans nigra
1331,Epilobium obcordatum
1332,Sphenosciadium capitellatum
1333,Pneumatopteris pennigera
1334,Tanacetum parthenium
1335,Tragopogon dubius
1336,Spiraea tomentosa
1337,Cardamine pratensis
1338,Silene latifolia
1339,Rudbeckia hirta
1340,Solanum dimidiatum
1341,Solanum elaeagnifolium
1342,Campsis radicans
1343,Solanum nigrum
1344,Anemone berlandieri
1345,Solanum xanti
1346,Solidago altissima
1347,Pinus jeffreyi
1348,Clematis terniflora
1349,Clematis virginiana
1350,Sphaeralcea angustifolia
1351,Spiraea splendens
1352,Frangula caroliniana
1353,Asclepias perennis
1354,Ceiba pentandra
1355,Carica papaya
1356,Pseudopanax crassifolius
1357,Sapindus saponaria
1358,Parkinsonia aculeata
1359,Persea americana
1360,Veronica salicifolia
1361,Doellingeria umbellata
1362,Oclemena acuminata
1363,Senna roemeriana
1364,Quercus lobata
1365,Cypripedium reginae
1366,Conocarpus erectus
1367,Blechnum penna-marina
1368,Raphanus raphanistrum
1369,Hemitomes congestum
1370,Psidium guajava
1371,Pseudowintera colorata
1372,Drosera arcturi
1373,Bignonia capreolata
1374,Hibiscus rosa-sinensis
1375,Streptopus amplexifolius
1376,Leptospermum scoparium
1377,Poa annua
1378,Hymenophyllum demissum
1379,Pennantia corymbosa
1380,Viola glabella
1381,Catharanthus roseus
1382,Tanacetum bipinnatum
1383,Chamaecrista fasciculata
1384,Ruellia nudiflora
1385,Artemisia ludoviciana
1386,Ambrosia chamissonis
1387,Cardiospermum halicacabum
1388,Teucrium canadense
1389,Acer saccharinum
1390,Acer platanoides
1391,Rhus glabra
1392,Cercocarpus betuloides
1393,Toxicodendron vernix
1394,Carpinus caroliniana
1395,Passiflora caerulea
1396,Cornus alternifolia
1397,Cornus drummondii
1398,Cornus florida
1399,Quercus alba
1400,Quercus bicolor
1401,Quercus macrocarpa
1402,Thlaspi arvense
1403,Thymophylla pentachaeta
1404,Quercus palustris
1405,Carya cordiformis
1406,Carya ovata
1407,Juglans cinerea
1408,Streptopus lanceolatus
1409,Sassafras albidum
1410,Microstegium vimineum
1411,Gleditsia triacanthos
1412,Morus rubra
1413,Nyssa sylvatica
1414,Argemone mexicana
1415,Tradescantia fluminensis
1416,Tradescantia ohiensis
1417,Fraxinus pennsylvanica
1418,Tragopogon pratensis
1419,Triadica sebifera
1420,Comptonia peregrina
1421,Vaccinium macrocarpon
1422,Trientalis latifolia
1423,Jeffersonia diphylla
1424,Trifolium arvense
1425,Trifolium aureum
1426,Prunus serotina
1427,Zanthoxylum americanum
1428,Populus balsamifera
1429,Populus grandidentata
1430,Populus tremuloides
1431,Salix nigra
1432,Tilia americana
1433,Calystegia macrostegia
1434,Celtis occidentalis
1435,Myriophyllum aquaticum
1436,Ulmus rubra
1437,Euphorbia hypericifolia
1438,Osmunda claytoniana
1439,Tridens flavus
1440,Spiranthes cernua
1441,Bouteloua gracilis
1442,Trichostema lanceolatum
1443,Muehlenbeckia axillaris
1444,Acer glabrum
1445,Leucopogon fraseri
1446,Hackelia virginiana
1447,Armeria maritima
1448,Valeriana sitchensis
1449,Veratrum viride
1450,Verbena bonariensis
1451,Typha orientalis
1452,Dennstaedtia punctilobula
1453,Medeola virginiana
1454,Ruellia caroliniensis
1455,Rhamnus ilicifolia
1456,Callirhoe involucrata
1457,Washingtonia robusta
1458,Palafoxia callosa
1459,Engelmannia peristenia
1460,Quercus montana
1461,Polygala sanguinea
1462,Neptunia lutea
1463,Diospyros texana
1464,Verbena brasiliensis
1465,Euphorbia marginata
1466,Desmanthus illinoensis
1467,Salix babylonica
1468,Thelesperma filifolium
1469,Erythrina herbacea
1470,Cornus unalaschkensis
1471,Eriogonum fasciculatum
1472,Allium drummondii
1473,Arisaema dracontium
1474,Spartina pectinata
1475,Rhus integrifolia
1476,Centaurea americana
1477,Nemophila phacelioides
1478,Sideroxylon lanuginosum
1479,Prunus mexicana
1480,Quercus ilex
1481,Ligustrum sinense
1482,Gentiana clausa
1483,Gentiana andrewsii
1484,Thuidium delicatulum
1485,Pseudognaphalium microcephalum
1486,Clethra alnifolia
1487,Sida abutifolia
1488,Smilax bona-nox
1489,Fuscospora solandri
1490,Chylismia claviformis
1491,Nicotiana glauca
1492,Polypodium glycyrrhiza
1493,Sophora affinis
1494,Symphoricarpos orbiculatus
1495,Lobelia spicata
1496,Laurelia novae-zelandiae
1497,Tolmiea menziesii
1498,Verbena stricta
1499,Zinnia peruviana
1500,Symphyotrichum cordifolium
1501,Eriogonum latifolium
1502,Lysimachia ciliata
1503,Delphinium carolinianum
1504,Heterotheca subaxillaris
1505,Heliotropium tenellum
1506,Tradescantia pallida
1507,Aralia californica
1508,Pyrus calleryana
1509,Taxus brevifolia
1510,Silene stellata
1511,Hydrophyllum capitatum
1512,Picea mariana
1513,Ratibida columnifera
1514,Malacothamnus fasciculatus
1515,Sorbus americana
1516,Centaurea cyanus
1517,Clematis paniculata
1518,Cyathea medullaris
1519,Elymus canadensis
1520,Blechnum spicant
1521,Juniperus ashei
1522,Rhododendron columbianum
1523,Veronica officinalis
1524,Trillium cernuum
1525,Discaria toumatou
1526,Myrsine australis
1527,Sophora microphylla
1528,Rhododendron canadense
1529,Pinus contorta contorta
1530,Cynodon dactylon
1531,Beilschmiedia tawa
1532,Physocarpus opulifolius
1533,Elaeocarpus hookerianus
1534,Fallopia japonica
1535,Raukaua simplex
1536,Knightia excelsa
1537,Adenostoma fasciculatum
1538,Viola sempervirens
1539,Washingtonia filifera
1540,Delphinium carolinianum virescens
1541,Cordyline indivisa
1542,Coprosma propinqua
1543,Coprosma robusta
1544,Coprosma rotundifolia
1545,Fragaria chiloensis
1546,Coriaria arborea
1547,Kindbergia oregana
1548,Picea abies
1549,Larix decidua
1550,Ungnadia speciosa
1551,Cornus canadensis
1552,Lycopodiella cernua
1553,Melicytus alpinus
1554,Sibbaldiopsis tridentata
1555,Alectryon excelsus
1556,Trillium grandiflorum
1557,Malvaviscus arboreus
1558,Potentilla indica
1559,Raphanus sativus
1560,Polystichum vestitum
1561,Aralia nudicaulis
1562,Eurybia macrophylla
1563,Castilleja chromosa
1564,Muehlenbeckia australis
1565,Metrosideros perforata
1566,Malva neglecta
1567,Ripogonum scandens
1568,Pholistoma auritum
1569,Parsonsia heterophylla
1570,Cirsium andersonii
1571,Phormium cookianum
1572,Lycopodium volubile
1573,Lamium amplexicaule
1574,Verbena halei
1575,Sanicula arctopoides
1576,Spiraea douglasii
1577,Agalinis purpurea
1578,Morinda citrifolia
1579,Euphorbia peplus
1580,Abies grandis
1581,Pteridium esculentum
1582,Allium triquetrum
1583,Collinsia heterophylla
1584,Calochortus pulchellus
1585,Echinocactus horizonthalonius
1586,Clarkia rubicunda
1587,Heteromeles arbutifolia
1588,Catalpa speciosa
1589,Acanthus mollis
1590,Verbena urticifolia
1591,Apocynum androsaemifolium
1592,Lewisia rediviva
1593,Arctium lappa
1594,Bellis perennis
1595,Sequoia sempervirens
1596,Hibiscus trionum
1597,Vitex agnus-castus
1598,Chrysogonum virginianum
1599,Ceanothus americanus
1600,Callirhoe pedata
1601,Lycoris radiata
1602,Dioscorea villosa
1603,Spartium junceum
1604,Ostrya virginiana
1605,Solanum dulcamara
1606,Eschscholzia californica
1607,Lotus corniculatus
1608,Erythronium albidum
1609,Viola hastata
1610,Albizia julibrissin
1611,Tagetes lunulata
1612,Lotus corniculatus corniculatus
1613,Veronica persica
1614,Symphyotrichum lateriflorum
1615,Cirsium texanum
1616,Aspidotis densa
1617,Echinocactus texensis
1618,Linum bienne
1619,Epilobium brachycarpum
1620,Fraxinus latifolia
1621,Clarkia amoena
1622,Cylindropuntia fulgida
1623,Echinocereus reichenbachii
1624,Echinocereus stramineus
1625,Persicaria lapathifolia
1626,Yucca arkansana
1627,Yucca elata
1628,Lunularia cruciata
1629,Alisma triviale
1630,Ribes aureum
1631,Cardamine diphylla
1632,Pseudotsuga menziesii menziesii
1633,Silene vulgaris
1634,Symphytum officinale
1635,Gaura parviflora
1636,Cymbalaria muralis
1637,Pinguicula vulgaris
1638,Vitis californica
1639,Potentilla norvegica
1640,Yucca treculeana
1641,Sedum acre
1642,Sanguisorba minor
1643,Hieracium albiflorum
1644,Maianthemum dilatatum
1645,Veronica arvensis
1646,Veronica serpyllifolia
1647,Geum rivale
1648,Prunus emarginata
1649,Parentucellia viscosa
1650,Nerium oleander
1651,Chelidonium majus
1652,Silene dioica
1653,Viola arvensis
1654,Populus alba
1655,Carex grayi
1656,Euphorbia cyparissias
1657,Claytonia sibirica
1658,Calycanthus occidentalis
1659,Urtica ferox
1660,Cypripedium acaule
1661,Taxus canadensis
1662,Calochortus umbellatus
1663,Chlorogalum pomeridianum
1664,Taraxacum officinale
1665,Carpinus betulus
1666,Psorothamnus spinosus
1667,Quercus marilandica
1668,Prunus spinosa
1669,Adiantum capillus-veneris
1670,Primula veris
1671,Asclepias quadrifolia
1672,Claytonia perfoliata
1673,Draba verna
1674,Arundo donax
1675,Myosotis sylvatica
1676,Helleborus foetidus
1677,Lamium maculatum
1678,Cardamine hirsuta
1679,Glechoma hederacea
1680,Helianthus annuus
1681,Anemone nemorosa
1682,Vinca minor
1683,Conium maculatum
1684,Euonymus europaeus
1685,Narcissus pseudonarcissus
1686,Lamium purpureum
1687,Croton setiger
1688,Spergularia rubra
1689,Datura stramonium
1690,Cornus mas
1691,Carex plantaginea
1692,Microsorum pustulatum
1693,Calyptocarpus vialis
1694,Justicia americana
1695,Lamium album
1696,Equisetum scirpoides
1697,Erodium cicutarium
1698,Linum rigidum
1699,Rubus spectabilis
1700,Rosa canina
1701,Lunaria annua
1702,Cynosurus echinatus
1703,Penstemon barbatus
1704,Phyllocladus alpinus
1705,Salvia lyrata
1706,Viola tricolor
1707,Delonix regia
1708,Ageratina adenophora
1709,Hieracium aurantiacum
1710,Opuntia ficus-indica
1711,Pinus coulteri
1712,Juglans regia
1713,Verbascum virgatum
1714,Salvia spathacea
1715,Salvia apiana
1716,Trifolium repens
1717,Encelia californica
1718,Tipularia discolor
1719,Anemone hepatica
1720,Merremia dissecta
1721,Blechnum filiforme
1722,Anemone canadensis
1723,Viburnum opulus
1724,Sherardia arvensis
1725,Tanacetum vulgare
1726,Frangula alnus
1727,Eupatorium cannabinum
1728,Yucca brevifolia
1729,Tellima grandiflora
1730,Yucca baccata
1731,Lapsana communis
1732,Chamerion angustifolium
1733,Lychnis flos-cuculi
1734,Dipsacus fullonum
1735,Ampelopsis brevipedunculata
1736,Zantedeschia aethiopica
1737,Scutellaria tuberosa
1738,Tamarix ramosissima
1739,Gentianopsis crinita
1740,Lygodesmia texana
1741,Arctotheca calendula
1742,Carpobrotus chilensis
1743,Anemone acutiloba
1744,Adiantum jordanii
1745,Coprosma rhamnoides
1746,Alnus rubra
1747,Kniphofia uvaria
1748,Leptecophylla tameiameiae
1749,Tribulus terrestris
1750,Cortaderia selloana
1751,Phlox divaricata
1752,Leucanthemum vulgare
1753,Ranunculus acris
1754,Euonymus fortunei
1755,Trifolium incarnatum
1756,Impatiens capensis
1757,Epigaea repens
1758,Impatiens glandulifera
1759,Opuntia humifusa
1760,Robinia pseudoacacia
1761,Morus alba
1762,Hydrophyllum virginianum
1763,Ajuga reptans
1764,Arisaema triphyllum
1765,Asclepias amplexicaulis
1766,Asclepias syriaca
1767,Asclepias tuberosa
1768,Capsella bursa-pastoris
1769,Stachys sylvatica
1770,Ilex aquifolium
1771,Barbarea vulgaris
1772,Hyacinthoides non-scripta
1773,Desmodium canadense
1774,Primula vulgaris
1775,Iris foetidissima
1776,Carya glabra
1777,Petasites frigidus palmatus
1778,Pennisetum setaceum
1779,Anacamptis pyramidalis
1780,Sceptridium multifidum
1781,Fraxinus excelsior
1782,Asclepias linaria
1783,Allium ursinum
1784,Juncus effusus
1785,Ginkgo biloba
1786,Malva sylvestris
1787,Persicaria maculosa
1788,Pycnanthemum virginianum
1789,Echium vulgare
1790,Acer campestre
1791,Zanthoxylum clava-herculis
1792,Calandrinia menziesii
1793,Mimulus guttatus
1794,Eryngium leavenworthii
1795,Geranium maculatum
1796,Arundinaria gigantea
1797,Polypodium vulgare
1798,Platanthera psycodes
1799,Juniperus grandis
1800,Caltha palustris
1801,Castanea sativa
1802,Lobelia cardinalis
1803,Guazuma ulmifolia
1804,Centaurium erythraea
1805,Lantana camara
1806,Caltha leptosepala
1807,Lysimachia terrestris
1808,Lindera benzoin
1809,Sagittaria latifolia
1810,Tsuga mertensiana
1811,Acer pensylvanicum
1812,Melissa officinalis
1813,Vaccinium vitis-idaea
1814,Menispermum canadense
1815,Ruellia strepens
1816,Bidens frondosa
1817,Asarum canadense
1818,Chilopsis linearis
1819,Centaurea montana
1820,Cynoglossum officinale
1821,Celastrus orbiculatus
1822,Dianthus armeria
1823,Frasera speciosa
1824,Blechnum fluviatile
1825,Carnegiea gigantea
1826,Sedum lanceolatum
1827,Galinsoga parviflora
1828,Pinus mugo
1829,Juniperus deppeana
1830,Gentiana calycosa
1831,Picea rubens
1832,Vernonia baldwinii
1833,Convallaria majalis
1834,Conocephalum conicum
1835,Piper excelsum excelsum
1836,Marchantia polymorpha
1837,Phalaris aquatica
1838,Silphium terebinthinaceum
1839,Evolvulus alsinoides
1840,Blechnum discolor
1841,Rumex obtusifolius
1842,Ranunculus repens
1843,Pinus taeda
1844,Spiraea alba
1845,Castilleja exserta
1846,Eysenhardtia texana
1847,Andropogon gerardii
1848,Aquilegia formosa
1849,Ferocactus hamatacanthus
1850,Ferocactus wislizeni
1851,Silphium laciniatum
1852,Verbena officinalis
1853,Thuja plicata
1854,Tsuga heterophylla
1855,Pseudotsuga menziesii
1856,Acer circinatum
1857,Silybum marianum
1858,Convolvulus equitans
1859,Geum urbanum
1860,Milla biflora
1861,Tigridia pavonia
1862,Dahlia coccinea
1863,Rosa californica
1864,Lythrum alatum
1865,Loeselia mexicana
1866,Marrubium vulgare
1867,Erigeron annuus
1868,Asplenium platyneuron
1869,Vaccinium uliginosum
1870,Picea sitchensis
1871,Parathelypteris noveboracensis
1872,Myosotis latifolia
1873,Senecio triangularis
1874,Vaccinium ovatum
1875,Viola odorata
1876,Phegopteris connectilis
1877,Stenaria nigricans
1878,Pinus lambertiana
1879,Diphasiastrum digitatum
1880,Antigonon leptopus
1881,Pilea pumila
1882,Chylismia brevipes
1883,Ferocactus pilosus
1884,Iva annua
1885,Lithophragma heterophyllum
1886,Euphorbia pulcherrima
1887,Solidago bicolor
1888,Cypripedium parviflorum
1889,Fraxinus americana
1890,Epifagus virginiana
1891,Adiantum pedatum
1892,Alnus rhombifolia
1893,Circaea alpina
1894,Hexastylis arifolia
1895,Pinus ponderosa
1896,Heliopsis helianthoides
1897,Ceanothus prostratus
1898,Epipactis gigantea
1899,Viola rotundifolia
1900,Chimaphila maculata
1901,Leonurus cardiaca
1902,Rhus lanceolata
1903,Erigenia bulbosa
1904,Osmorhiza longistylis
1905,Cercis canadensis
1906,Platanthera dilatata leucostachys
1907,Capsicum annuum
1908,Nuphar variegata
1909,Osmundastrum cinnamomeum
1910,Spinulum annotinum
1911,Gaura lindheimeri
1912,Corylus americana
1913,Gaura suffulta
1914,Micranthes virginiensis
1915,Persicaria sagittata
1916,Elymus virginicus
1917,Lysichiton americanus
1918,Cytisus scoparius
1919,Calochortus amabilis
1920,Taraxacum officinale officinale
1921,Glottidium vesicarium
1922,Penstemon centranthifolius
1923,Centaurea solstitialis
1924,Lupinus succulentus
1925,Castilleja foliolosa
1926,Medicago polymorpha
1927,Hedera helix
1928,Leptopteris superba
1929,Lemna minor
1930,Conopholis americana
1931,Prosthechea cochleata
1932,Aloe vera
1933,Lithospermum canescens
1934,Mertensia paniculata
1935,Phytolacca americana
1936,Quercus durata
1937,Navarretia squarrosa
1938,Rhamnus cathartica
1939,Acacia farnesiana
1940,Hesperis matronalis
1941,Echinocystis lobata
1942,Crassula ovata
1943,Nepeta cataria
1944,Oenothera speciosa
1945,Echinacea purpurea
1946,Lomatium dasycarpum
1947,Hydrangea arborescens
1948,Lomatium utriculatum
1949,Krameria lanceolata
1950,Leucaena leucocephala
1951,Tephrosia virginiana
1952,Scandix pecten-veneris
1953,Torilis arvensis
1954,Smilax herbacea
1955,Asclepias fascicularis
1956,Entelea arborescens
1957,Symphyotrichum chilense
1958,Oxalis corniculata
1959,Oxalis pes-caprae
1960,Viburnum acerifolium
1961,Typha latifolia
1962,Liatris pycnostachya
1963,Aloysia gratissima
1964,Dichromanthus cinnabarinus
1965,Calocedrus decurrens
1966,Ludwigia alternifolia
1967,Taxus baccata
1968,Ipomoea pandurata
1969,Iris versicolor
1970,Plantago erecta
1971,Tsuga canadensis
1972,Eryngium yuccifolium
1973,Diodia virginiana
1974,Berberis repens
1975,Rubus fruticosus
1976,Allium tricoccum
1977,Simmondsia chinensis
1978,Solanum douglasii
1979,Lupinus perennis
1980,Grindelia camporum
1981,Polypodium californicum
1982,Hemizonia congesta
1983,Strophostyles helvola
1984,Parietaria judaica
1985,Linanthus californicus
1986,Madia elegans
1987,Mycelis muralis
1988,Agalinis heterophylla
1989,Othocallis siberica
1990,Monstera deliciosa
1991,Pedicularis semibarbata
1992,Sidalcea malviflora
1993,Wyethia glabra
1994,Fuchsia magellanica
1995,Lobularia maritima
1996,Croton monanthogynus
1997,Berberis trifoliolata
1998,Dalea purpurea
1999,Sesuvium portulacastrum
2000,Elymus hystrix
2001,Cuscuta californica
2002,Acer negundo
2003,Geranium robertianum
2004,Ammophila breviligulata
2005,Alisma subcordatum
2006,Yucca filamentosa
2007,Equisetum telmateia
2008,Equisetum telmateia braunii
2009,Potentilla simplex
2010,Croton capitatus
2011,Penstemon cobaea
2012,Rhus ovata
2013,Acmispon americanus
2014,Mimulus aurantiacus
2015,Malosma laurina
2016,Medicago lupulina
2017,Cocos nucifera
2018,Mangifera indica
2019,Melilotus indicus
2020,Schizachyrium scoparium
2021,Trichostema lanatum
2022,Pickeringia montana
2023,Sorghastrum nutans
2024,Colocasia esculenta
2025,Trifolium campestre
2026,Trifolium hirtum
2027,Baptisia alba
2028,Erodium botrys
2029,Erodium moschatum
2030,Eriodictyon californicum
2031,Phoradendron tomentosum
2032,Mentha pulegium
2033,Salvia azurea
2034,Leucobryum glaucum
2035,Pinus contorta
2036,Lilium pardalinum
2037,Lilium canadense
2038,Aesculus pavia
2039,Momordica charantia
2040,Dicentra canadensis
2041,Cichorium intybus
2042,Myoporum laetum
2043,Orobanche uniflora
2044,Briza maxima
2045,Erechtites hieraciifolius
2046,Antirrhinum majus
2047,Briza minor
2048,Phacelia californica
2049,Oxalis oregana
2050,Collinsonia canadensis
2051,Thalictrum dioicum
2052,Dodonaea viscosa
2053,Scoliopus bigelovii
2054,Pedicularis canadensis
2055,Gaultheria hispidula
2056,Phleum pratense
2057,Quercus rubra
2058,Quercus velutina
2059,Quercus douglasii
2060,Rosmarinus officinalis
2061,Quercus virginiana
2062,Mammillaria dioica
2063,Celtis laevigata
2064,Enemion biternatum
2065,Oxalis violacea
2066,Hypoxis hirsuta
2067,Delphinium tricorne
2068,Viburnum rufidulum
2069,Sabal minor
2070,Pellaea mucronata
2071,Angelica atropurpurea
2072,Stillingia texana
2073,Euphorbia corollata
2074,Physocarpus capitatus
2075,Prunus ilicifolia
2076,Verbascum thapsus
2077,Euthamia graminifolia
2078,Ebenopsis ebano
2079,Lavandula stoechas
2080,Monarda citriodora
2081,Hibiscus laevis
2082,Ailanthus altissima
2083,Lobelia kalmii
2084,Centranthus ruber
2085,Silene virginica
2086,Leucopogon fasciculatus
2087,Prunus laurocerasus
2088,Iris pseudacorus
2089,Agave americana
2090,Boehmeria cylindrica
2091,Cercis canadensis texensis
2092,Blechnum novae-zelandiae
2093,Vicia villosa
2094,Cordyline australis
2095,Myosotis scorpioides
2096,Sarracenia flava
2097,Pinus palustris
2098,Neomyrtus pedunculata
2099,Cynoglossum grande
2100,Strelitzia reginae
